#General
Order	ericales
Family	ericaceae
Lifespan	perennial
Foliage	evergreen
Structure	tree,shrub
Habit	upright
Woodiness	woody
Habitat	scrub,rocky places,hillsides,woodland
Location	H1 (South Kerry),H2 (North Kerry),H3 (West Cork),H28 (Sligo),H21 (Dublin),H38 (Down)
Plant Height	200,1200
Crown Type	irregular,wide,dense, rounded

#Flower (♀/⚥)
Flower Observation	none of the above
Flower Sex	synoecious
Flower Type	other inflorescence
Ovary Position	inferior,half-inferior,superior# TODO: Edit/choose
Flower Scent	none
Flower Peduncle	sessile,glabrous,hairy# TODO: Edit/choose
Perianth Distinct	distinct
Pistil Colour1	E6CF8E,2E1103
Stamen Colour1	EEAA6A,ff367c
Perianth(P) Colour1	FFFFFF
Perianth(P) Colour2	#
Perianth(S) Colour1	ffffff,575C22,D45A3D,737917
Perianth(P) Hairs	none,present# TODO: Edit/choose
Perianth(P) Free	joined forming tube
Perianth(S) Free	joined
Perianth(S) Shape	triangular
Perianth(S) Hairs	none,present# TODO: Edit/choose
Perianth(P) Number	5
Perianth(P) Length	0.7
Perianth(S) Number	5
Perianth(S) Length	1.5
Flower Diameter	0.5,1.0
Peduncle Length	# TODO: Enter [min],max values here
Pedicel Length	# TODO: Enter [min],max values here
Flowers Per Cluster	0,999
Stamens	10
Stigma	1
Ovaries	1
Ovary Chambers	5
Flowering Period	october,november,december

#Leaf
Leaf Observation	teeth curved towards apex,none of the above
Bud Shape	slender (pointed)
Bud Colour1	7D9739,D6707B
Bud Colour2	7D9739,D6707B
Leaflets	simple
Leaf Position	alternate
Lf(let) Shape	elliptic,lanceolate
Lf(let) Lobed	unlobed
Lf(let) Venation	pinnate
Lf(let) Margin	serrate
Lf(let) Margin Decor	none#
Lf(let) Tip	acuminate,acute
Lf(let) Base	acute,cuneate
Petiole	petiolate
Stipules	absent or lost early
Stipule Shape	absent
Lf(let) Vein Pairs	4,6#
Bud Length	0.2,0.6#
Leaf Ratio (L:W)	2,2.5
Leaf Length	4,10
Petiole Length	0.5,1
Bud Texture	smooth,hairy,glabrous,sticky,rough# TODO: Edit/choose
Lf(let) Top Appearance	glabrous,glossy,dull
Lf(let) Underside Appearance	glabrous,pale,glaucous

#Fruit
Fruit Observation	fruit covered in pimples
Fruit Type	berry
Fruit Shape	globose
Fruit Peduncle	pedunculate
Fruit Taste	revolting
Fruit Cupule	none
Fruit Colour1	B4012E,FC4E4D,FF7C95,F0A82F
Fruit Colour2	B4012E,FC4E4D,FF7C95,F0A82F
Fruit Number	# TODO: Enter [min],max values here
Fruit Diameter	1.5,2
Fruiting Period	october,november,december

#Seed
Seed Observation	none of the above
Seed Type	other
Seed Shape	irregular
Seed Released	no
Seed Texture	smooth
Seed Colour1	7d561e,6D5237,87643A
Seed Colour2	B79278,32241B
Seeds Per Fruit	0,999
Seed Diameter	# TODO: Enter [min],max values here

#Stem (Trunk)
Stem Solidity	solid
Stem Form	cylindrical
Thorns	absent
Thorn Furrows	none
Stem Colour1	989D39
Stem Colour2	82614a
Stem Habit	main stem dividing early
Thorn Length	# TODO: Enter [min],max values here
Stem Texture	smooth,rough

#Branches
Branching Pattern	alternate
Lower Branch Angle	~45' upright
Leaf Scar	horse shoe shaped,u-shaped,v-shaped,circular,oval# TODO: Edit/choose
Twig Colour1	81844D,3E4B28,B76963
Twig Colour2	81844D,3E4B28
Twig Type	hairy

#Root
#Misc
Name	Arbutus unedo
Common Name	Strawberry Tree
Frequency	occasional
Subspecies	none
Data Source(s)	Webb 1963, CTW 1962, Sutton 1990
Similar Plants	none
Native Status	Ireland,native,Britain,native
Soil Preference	undefined
Description	Despite the name, the Strawberry Tree's fruit barely resemble actual strawberries. They take a full year to mature and ripen with next years flowers. They are round and covered with pimples. The flowers are bell-shaped and attractive. The tree has long serrate leaves and a low shrubby appearance.
