#General
Order	fagales
Family	betulaceae
Lifespan	perennial
Foliage	dicidious
Structure	tree
Habit	upright
Woodiness	woody
Habitat	scrub,thickets,heaths,mountains,roadsides
Location	H1 (South Kerry),H2 (North Kerry),H3 (West Cork),H4 (Mid-Cork),H5 (East Cork),H6 (Waterford),H7 (South Tipperary),H8 (Limerick),H9 (Clare),H10 (North Tipperary),H11 (Kilkenny),H12 (Wexford),H13 (Carlow),H14 (Laois),H15 (South-east Galway),H16 (West Galway),H17 (North-east Galway),H18 (Offaly),H19 (Kildare),H20 (Wicklow),H21 (Dublin),H22 (Meath),H23 (Westmeath),H24 (Longford),H25 (Roscommon),H26 (East Mayo),H27 (West Mayo),H28 (Sligo),H29 (Leitrim),H30 (Cavan),H31 (Louth),H32 (Monaghan),H33 (Fermanagh),H34 (East Donegal),H35 (West Donegal),H36 (Tyrone),H37 (Armagh),H38 (Down),H39 (Antrim),H40 (Londonderry)
Plant Height	3000
Crown Type	irregular,wide,narrow,conical,light

#Flower (♀/⚥)
Flower Observation	none of the above
Flower Sex	monoecious
Flower Type	catkin
Ovary Position	inferior
Flower Scent	none
Flower Peduncle	glabrous
Perianth Distinct	absent
Pistil Colour1	C4001D,8d171d
Flower Diameter	2,3
Peduncle Length	# TODO: Enter [min],max values here
Pedicel Length	# TODO: Enter [min],max values here
Flowers Per Cluster	2
Stamens	#
Stigma	2
Ovaries	1
Ovary Chambers	2
Flowering Period	april,may

#♂Flower
♂Flower Type	catkin
♂Stamen Colour1	B1AB46,c29451
♂Flowers Per Cluster	2,4
♂Peduncle Length	3,6
♂Stamens	2

#Leaf
Leaf Observation	none of the above,teeth curved towards apex
Bud Shape	slender (pointed)
Bud Colour1	AC650D,9a5f5d,512620,7D9739
Bud Colour2	AC650D
Leaflets	simple
Leaf Position	alternate
Lf(let) Shape	deltoid, ovate
Lf(let) Venation	pinnate
Lf(let) Margin	doubly serrate
Lf(let) Margin Decor	none
Lf(let) Tip	acuminate
Lf(let) Base	rounded,truncate,cuneate
Petiole	petiolate
Stipules	absent or lost early
Stipule Shape	inconspicuous
Lf(let) Vein Pairs	5,6
Bud Length	# TODO: Enter [min],max values here
Leaf Ratio (L:W)	# TODO: Enter [min],max values here
Leaf Length	2,7
Petiole Length	1,2
Bud Texture	smooth
Lf(let) Top Appearance	glabrous,glossy
Lf(let) Underside Appearance	glabrous,dull

#Fruit
Fruit Observation	cone-like catkins
Fruit Type	catkin
Fruit Shape	long
Fruit Peduncle	pedunculate
Fruit Taste	sour,nutty,toxic!,peppery grape,acid# TODO: Edit/choose
Fruit Cupule	none
Fruit Colour1	C8905D,935c3c,973b0a,A36124,722604
Fruit Colour2	8A6342,D0965C,C8905D
Fruit Number	1
Fruit Diameter	1.5,3.5
Fruiting Period	july,august

#Seed
Seed Type	winged nutlet
Seed Shape	irregular
Seed Released	yes
Seed Texture	rough
Seed Colour1	7d561e,e1ac4e
Seed Colour2	B79278,a39690,e1ac4e
Seeds Per Fruit	0,999
Seed Diameter	# TODO: Enter [min],max values here

#Stem (Trunk)
Stem Solidity	solid
Stem Form	cylindrical
Thorns	absent
Thorn Furrows	none
Stem Colour1	95998a,A1A189
Stem Colour2	c59854
Stem Habit	1 main stem
Thorn Length	#
Stem Texture	smooth,flaking,fissured,peeling

#Branches
Branching Pattern	alternate
Lower Branch Angle	drooping
Leaf Scar	horse shoe shaped,u-shaped,v-shaped,circular,oval# TODO: Edit/choose
Twig Colour1	5C2A09,65523F
Twig Colour2	#
Twig Type	smooth,with resin glands

#Root
#Misc
Name	Betula pendula
Common Name	Silver Birch
Frequency	common
Subspecies	none
Data Source(s)	Sutton 1990, CTW 1962
Similar Plants	Betula pubescens, B. pubesens has leaves more ovate shaped with equal teeth (only singly serrate-crenate). The fruit have narrower wings. Bark not markedly different at the base of the trunk than above.
Native Status	Ireland, native, Britain,native
Soil Preference	light soils
Description	Distinguished by small deltoid, toothed leaves and silvery, peeling bark, this tree is a coloniser of clearing. The flowers are catkins which appear with the leaves. The fruit are also catkins holding winged nutlet seeds. Bark markedly different at the base of the trunk than above.
