#General
Order	fagales
Family	corylaceae
Lifespan	perennial
Foliage	dicidious
Structure	tree
Habit	upright
Woodiness	woody
Habitat	roadsides,woodland, hedgerows
Location	H1 (South Kerry),H2 (North Kerry),H4 (Mid-Cork),H5 (East Cork),H6 (Waterford),H7 (South Tipperary),H8 (Limerick),H9 (Clare),H10 (North Tipperary),H11 (Kilkenny),H12 (Wexford),H13 (Carlow),H14 (Laois),H15 (South-east Galway),H16 (West Galway),H18 (Offaly),H19 (Kildare),H20 (Wicklow),H21 (Dublin),H22 (Meath),H23 (Westmeath),H24 (Longford),H27 (West Mayo),H28 (Sligo),H29 (Leitrim),H30 (Cavan),H31 (Louth),H32 (Monaghan),H33 (Fermanagh),H36 (Tyrone),H37 (Armagh),H38 (Down),H39 (Antrim),H40 (Londonderry)
Plant Height	3000
Crown Type	wide,domed,rounded

#Flower (♀/⚥)
Flower Observation	compact bud-like cluster with red spikes,wing like bract attached to flower heads,none of the above# TODO: Edit/choose
Flower Sex	monoecious
Flower Type	catkin
Ovary Position	inferior,half-inferior,superior# TODO: Edit/choose
Flower Scent	none
Flower Peduncle	sessile
Perianth Distinct	absent
Pistil Colour1	ff367c
Flower Diameter	2,3
Peduncle Length	# TODO: Enter [min],max values here
Pedicel Length	# TODO: Enter [min],max values here
Flowers Per Cluster	2
Stamens	#
Stigma	1
Ovaries	# TODO: Enter [min],max values here
Ovary Chambers	# TODO: Enter [min],max values here
Flowering Period	march,april,may

#♂Flower
♂Flower Type	catkin
♂Stamen Colour1	FF0000
♂Flowers Per Cluster	# TODO: Enter [min],max values here
♂Peduncle Length	# TODO: Enter [min],max values here
♂Stamens	10

#Leaf
Leaf Observation	none of the above
Bud Shape	slender (pointed)
Bud Colour1	512620,7D9739
Bud Colour2	D4A94D,466810
Leaflets	simple
Leaf Position	alternate
Lf(let) Shape	elliptic
Lf(let) Venation	pinnate
Lf(let) Margin	doubly serrate,serrate
Lf(let) Margin Decor	none
Lf(let) Tip	acuminate
Lf(let) Base	rounded,cordate
Petiole	petiolate
Stipules	absent or lost early
Stipule Shape	inconspicuous
Lf(let) Vein Pairs	7,15
Bud Length	0.3,1
Leaf Ratio (L:W)	1.5,2
Leaf Length	2,12
Petiole Length	0.5,1.5
Bud Texture	rough,hairy,smooth
Lf(let) Top Appearance	glossy
Lf(let) Underside Appearance	ciliate,dull

#Fruit
Fruit Observation	wing like bract attached to fruit
Fruit Type	nut
Fruit Shape	globose
Fruit Peduncle	pedunculate
Fruit Taste	sour,nutty,toxic!,peppery grape,acid# TODO: Edit/choose
Fruit Cupule	none
Fruit Colour1	7b7d1e
Fruit Colour2	CECE92
Fruit Number	1,2
Fruit Diameter	0.5,1
Fruiting Period	october,november

#Seed
Seed Type	other
Seed Shape	irregular
Seed Released	no
Seed Texture	rough
Seed Colour1	6D5237,DFAD7C,87643A
Seed Colour2	B79278
Seeds Per Fruit	1
Seed Diameter	# TODO: Enter [min],max values here

#Stem (Trunk)
Stem Solidity	solid
Stem Form	cylindrical
Thorns	absent
Thorn Furrows	none
Stem Colour1	5F636C,64696C,95998a,7a6a5b,8f8170,776053,A1A189,8A8C81,8E8C91,77775D
Stem Colour2	95998a,938B7C
Stem Habit	1 main stem
Thorn Length	#
Stem Texture	smooth,fluted

#Branches
Branching Pattern	alternate
Lower Branch Angle	~45' upright
Leaf Scar	horse shoe shaped,u-shaped,v-shaped,circular,oval# TODO: Edit/choose
Twig Colour1	96513B,79582F,5C2A09
Twig Colour2	#
Twig Type	hairy,smooth

#Root
#Misc
Name	Carpinus betulus
Common Name	Hornbeam
Frequency	occasional
Subspecies	none
Data Source(s)	Sutton 1990,CTW 1962
Similar Plants	Fagus sylvatica, F. sylvatica has wavy rather than serrate leaf margins (sometimes with fine hairs). The tip is not so prolonged and the overall leaf is shorter. The trunk is not fluted and the flowers and fruit are rather different!
Native Status	Ireland,naturalised,Britain,native
Soil Preference	undefined
Description	A graceful tree with smooth, grey barked, upswept branches and dark toothed foilage. Identified easily by destinctive 3-lobed bracts in the fruiting head. The trunk is fluted and flowers are hanging catkins.
