#General
Order	fagales
Family	betulaceae, corylaceae
Lifespan	perennial
Foliage	dicidious
Structure	tree,shrub
Habit	upright
Woodiness	woody
Habitat	scrub,woodland,hedgerows
Location	H1 (South Kerry),H2 (North Kerry),H3 (West Cork),H4 (Mid-Cork),H5 (East Cork),H6 (Waterford),H7 (South Tipperary),H8 (Limerick),H9 (Clare),H10 (North Tipperary),H11 (Kilkenny),H12 (Wexford),H13 (Carlow),H14 (Laois),H15 (South-east Galway),H16 (West Galway),H17 (North-east Galway),H18 (Offaly),H19 (Kildare),H20 (Wicklow),H21 (Dublin),H22 (Meath),H23 (Westmeath),H24 (Longford),H25 (Roscommon),H26 (East Mayo),H27 (West Mayo),H28 (Sligo),H29 (Leitrim),H30 (Cavan),H31 (Louth),H32 (Monaghan),H33 (Fermanagh),H34 (East Donegal),H35 (West Donegal),H36 (Tyrone),H37 (Armagh),H38 (Down),H39 (Antrim),H40 (Londonderry)
Plant Height	200,800
Crown Type	wide

#Flower (♀/⚥)
Flower Observation	compact bud-like cluster with red spikes
Flower Sex	monoecious
Flower Type	other inflorescence
Ovary Position	inferior,superior# TODO: Edit/choose
Flower Scent	sickly-sweet# TODO: Edit/choose
Perianth Distinct	absent,petals only,sepals only,indistinct,distinct# TODO: Edit/choose
Pistil Colour1	FC6AAB,C4001D
Stamen Colour1	#
Perianth(P) Colour1	#
Perianth(P) Colour2	#
Perianth(S) Colour1	#
Perianth(P) Hairs	#
Perianth(P) Free	#
Perianth(S) Free	#
Perianth(S) Shape	#
Perianth(S) Hairs	#
Perianth(P) Number	#
Perianth(P) Length	#
Perianth(S) Number	#
Perianth(S) Length	#
Flower Diameter	0.4,0.5
Peduncle Length	0
Pedicel Length	0
Flowers Per Cluster	0, 999
Stamens	# 
Stigma	2
Ovaries	1
Ovary Chambers	2
Flowering Period	january,feburary,march
Flower Peduncle	sessile

#♂Flower
♂Flower Type	catkin
♂Stamen Colour1	B1AB46
♂Perianth(P) Colour1	#
♂Perianth(P) Colour2	#
♂Perianth(S) Colour1	#
♂Flowers Per Cluster	1,5
♂Peduncle Length	# TODO: Enter [min],max values here
♂Stamens	3,5

#Leaf
Leaf Observation	none of the above
Bud Shape	ovoid
Bud Colour1	BE9C81,E8DA97,8E8642,AC650D,512620,49341F,C4320D,FD8B32,DADAA8,D4A94D,000000# TODO: Edit/choose
Bud Colour2	A85061,D4A94D,6C2626# TODO: Edit/choose
Bud Texture	hairy
Leaflets	simple
Leaf Position	alternate
Lf(let) Shape	orbicular,elliptic
Lf(let) Lobed	unlobed
Lf(let) Venation	pinnate
Lf(let) Margin	doubly serrate
Lf(let) Margin Decor	none
Lf(let) Tip	mucronate,cuspidate
Lf(let) Base	auriculate,cordate
Petiole	petiolate
Stipules	absent or lost early, paired
Stipule Shape	lanceolate
Lf(let) Vein Pairs	6,8
Bud Length	0.4
Leaf Ratio (L:W)	1,1.25
Leaf Length	5,10
Petiole Length	0.8,1.5
Lflets Per Lf	# 
Lflet Stalk Length	# 
Lflet Length	# 
Lf(let) Top Appearance	ciliate,glabrous,glossy
Lf(let) Underside Appearance	ciliate,dull

#Fruit
Fruit Observation	fruit mostly covered by cupule
Fruit Type	nut
Fruit Shape	globose
Fruit Taste	nutty
Fruit Cupule	green lobed
Fruit Colour1	C8905D,CECE92
Fruit Colour2	C8905D,CECE92
Fruit Number	1.4
Fruit Diameter	1.52
Fruiting Period	august,september,october

#Seed
Seed Type	stone,conker,other# TODO: Edit/choose
Seed Shape	globose,3-angled# TODO: Edit/choose
Seed Released	no
Seed Texture	smooth# TODO: Edit/choose
Seed Colour1	992914,51333B,DFAD7C,87643A# TODO: Edit/choose
Seed Colour2	B79278# TODO: Edit/choose
Seeds Per Fruit	# TODO: Enter [min],max values here
Seed Diameter	# TODO: Enter [min],max values here

#Stem (Trunk)
Stem Solidity	solid
Stem Form	cylindrical
Thorns	absent
Stem Colour1	836F54,5F494D
Stem Colour2	#
Stem Habit	multi-stem (suckering)
Thorn Length	0
Stem Texture	smooth,flaking

#Branches
Branching Pattern	alternate
Lower Branch Angle	perpendicular,drooping,~45' upright# TODO: Edit/choose
Leaf Scar	v-shaped
Twig Colour1	79582F
Twig Colour2	#
Twig Type	hairy

#Root
#Misc
Name	Corylus avellana
Common Name	Hazel
Frequency	abundant
Subspecies	none
Data Source(s)	David Sutton 1990
Similar Plants	(Filbert, Corylus maxima)
Native Status	Ireland,native,Britain,native
Soil Preference	
Description	More often a shrub than tree, with large, almost rounded leaves and yellow catkins in early spring before the leaves. Bears edible nuts in late summer.
